условие,плечо,тема,токены_субагента,вызовов_инструментов,мс
пилот(общий индекс),A,T1,59695,5,35654
пилот(общий индекс),B,T1,58058,4,22157
пилот(общий индекс),C,T1,59509,6,30173
1(велено соблюдать),A,T1,61032,8,44159
1(велено соблюдать),B,T1,58940,5,31083
1(велено соблюдать),C,T1,59057,4,30751
1(велено соблюдать),D,T1,77665,5,30760
1(велено соблюдать),A,T2,59971,5,31878
1(велено соблюдать),B,T2,59010,5,31390
1(велено соблюдать),C,T2,60142,6,31217
1(велено соблюдать),D,T2,78162,5,33390
2(без напоминания),A,E2,60055,6,33312
2(без напоминания),B,E2,57588,3,19398
2(без напоминания),C,E2,59246,5,33912
2(без напоминания),D,E2,77115,4,26594
2(без напоминания),A,E3,58294,4,27426
2(без напоминания),B,E3,57213,2,17252
2(без напоминания),C,E3,58833,4,28133
2(без напоминания),D,E3,77508,4,29953
